APT;INSUMO;DATA_APT;COD_BEM;DESC_BEM;HOR_INI;HOR_FIN;QTD; VALOR ;TOTAL
APA2880;OLEO DIESEL S500;03/09/2021;1;CARREGADEIRAS DE TERCEIROS;0;0;156;R$ 4,62;720,72
APA2884;OLEO DIESEL S500;08/09/2021;1;CARREGADEIRAS DE TERCEIROS;0;0;388,4;R$ 4,62;1.794,41
APA2996;OLEO DIESEL S500;16/09/2021;1;CARREGADEIRAS DE TERCEIROS;0;0;784;R$ 4,77;3.739,68
APA3075;OLEO DIESEL S500;25/09/2021;1;CARREGADEIRAS DE TERCEIROS;0;0;550;R$ 4,77;2.623,50
APA3234;OLEO DIESEL S500;06/10/2021;1;CARREGADEIRAS DE TERCEIROS;0;0;395;R$ 4,77;1.884,15
APA3342;OLEO DIESEL S500;13/10/2021;1;CARREGADEIRAS DE TERCEIROS;0;0;378;R$ 5,60;2.116,41
APA3516;OLEO DIESEL S500;30/10/2021;1;CARREGADEIRAS DE TERCEIROS;0;0;261;R$ 5,38;1.404,18
APA2444;OLEO DIESEL S500;20/07/2021;2;COLHEDORAS DE GRAOS DE TERCEIROS;0;0;2.371,00;R$ 4,47;10.598,37
APA2509;OLEO DIESEL S500;26/07/2021;2;COLHEDORAS DE GRAOS DE TERCEIROS;0;0;2.563,00;R$ 4,47;11.456,61
APA2255;OLEO DIESEL S500;02/07/2021;9;VEICULOS DE CARGA DE TERCEIROS;0;0;165;R$ 4,42;729,3
APA2407;OLEO DIESEL S500;12/07/2021;9;VEICULOS DE CARGA DE TERCEIROS;0;0;594;R$ 4,47;2.655,18
APA2417;OLEO DIESEL S500;15/07/2021;9;VEICULOS DE CARGA DE TERCEIROS;0;0;250;R$ 4,47;1.117,50
APA2445;OLEO DIESEL S500;19/07/2021;9;VEICULOS DE CARGA DE TERCEIROS;0;0;1.272,00;R$ 4,47;5.685,84
APA2498;OLEO DIESEL S500;26/07/2021;9;VEICULOS DE CARGA DE TERCEIROS;0;0;1.726,00;R$ 4,47;7.715,22
APA2776;OLEO DIESEL S500;19/08/2021;9;VEICULOS DE CARGA DE TERCEIROS;0;0;172;R$ 4,62;794,64
APA2719;OLEO DIESEL S500;19/08/2021;9;VEICULOS DE CARGA DE TERCEIROS;4.114,00;4.114,00;1.035,00;R$ 4,62;4.781,70
APA2979;OLEO DIESEL S500;16/09/2021;9;VEICULOS DE CARGA DE TERCEIROS;0;0;1.103,00;R$ 4,77;5.261,31
APA3077;OLEO DIESEL S500;22/09/2021;9;VEICULOS DE CARGA DE TERCEIROS;0;0;133;R$ 4,77;634,41
APA3074;OLEO DIESEL S500;25/09/2021;9;VEICULOS DE CARGA DE TERCEIROS;0;0;1.305,00;R$ 4,77;6.224,85
APA3239;OLEO DIESEL S500;02/10/2021;9;VEICULOS DE CARGA DE TERCEIROS;0;0;498;R$ 5,60;2.788,28
APA3366;OLEO DIESEL S500;09/10/2021;9;VEICULOS DE CARGA DE TERCEIROS;0;0;395;R$ 5,60;2.211,59
APA3496;OLEO DIESEL S500;30/10/2021;9;VEICULOS DE CARGA DE TERCEIROS;0;0;255;R$ 4,77;1.216,35
APA2291;OLEO DIESEL S500;02/07/2021;BT0010;VEICULOS UTILITARIOS DE TERCEIROS;0;0;58;R$ 4,42;256,36
APA2582;OLEO DIESEL S500;06/07/2021;BT0010;VEICULOS UTILITARIOS DE TERCEIROS;0;0;19,62;R$ 5,10;100,04
APA2402;OLEO DIESEL S500;12/07/2021;BT0010;VEICULOS UTILITARIOS DE TERCEIROS;0;0;120;R$ 4,47;536,4
APA2426;OLEO DIESEL S500;14/07/2021;BT0010;VEICULOS UTILITARIOS DE TERCEIROS;0;0;70;R$ 4,47;312,9
APA2895;OLEO DIESEL S500;12/08/2021;BT0010;VEICULOS UTILITARIOS DE TERCEIROS;0;0;86,09;R$ 5,10;438,97
APA2983;OLEO DIESEL S500;09/09/2021;BT0010;VEICULOS UTILITARIOS DE TERCEIROS;0;0;80;R$ 4,77;381,6
APA3058;OLEO DIESEL S500;21/09/2021;BT0010;VEICULOS UTILITARIOS DE TERCEIROS;0;0;100;R$ 4,77;477
APA3076;OLEO DIESEL S500;25/09/2021;BT0010;VEICULOS UTILITARIOS DE TERCEIROS;0;0;89;R$ 4,77;424,53
APA3192;OLEO DIESEL S500;30/09/2021;BT0010;VEICULOS UTILITARIOS DE TERCEIROS;0;0;80,38;R$ 5,60;450,05
APA3221;OLEO DIESEL S500;06/10/2021;BT0010;VEICULOS UTILITARIOS DE TERCEIROS;0;0;146;R$ 4,92;718,32
APA3341;OLEO DIESEL S500;10/10/2021;BT0010;VEICULOS UTILITARIOS DE TERCEIROS;0;0;101;R$ 5,60;565,49
APA3416;OLEO DIESEL S500;19/10/2021;BT0010;VEICULOS UTILITARIOS DE TERCEIROS;0;0;105;R$ 4,77;500,85
APA2284;OLEO DIESEL S500;01/07/2021;CA-1338;CARREGADEIRA CATERPILLAR 924;9.728,00;9.728,00;82;R$ 4,42;362,44
APA2293;OLEO DIESEL S500;03/07/2021;CA-1338;CARREGADEIRA CATERPILLAR 924;9.728,00;9.728,00;121;R$ 4,42;534,82
APA2393;OLEO DIESEL S500;10/07/2021;CA-1338;CARREGADEIRA CATERPILLAR 924;9.728,00;9.728,00;332;R$ 4,42;1.467,44
APA2422;OLEO DIESEL S500;15/07/2021;CA-1338;CARREGADEIRA CATERPILLAR 924;9.728,00;9.728,00;235;R$ 4,47;1.050,45
APA2442;OLEO DIESEL S500;17/07/2021;CA-1338;CARREGADEIRA CATERPILLAR 924;9.728,00;9.728,00;175;R$ 4,47;782,25
APA2503;OLEO DIESEL S500;24/07/2021;CA-1338;CARREGADEIRA CATERPILLAR 924;9.728,00;9.728,00;350;R$ 4,47;1.564,50
APA2591;OLEO DIESEL S500;02/08/2021;CA-1338;CARREGADEIRA CATERPILLAR 924;9.728,00;9.728,00;253;R$ 4,62;1.168,86
APA2670;OLEO DIESEL S500;07/08/2021;CA-1338;CARREGADEIRA CATERPILLAR 924;9.728,00;9.728,00;265;R$ 4,62;1.224,30
APA2717;OLEO DIESEL S500;16/08/2021;CA-1338;CARREGADEIRA CATERPILLAR 924;9.728,00;9.728,00;240;R$ 4,62;1.108,80
APA2777;OLEO DIESEL S500;19/08/2021;CA-1338;CARREGADEIRA CATERPILLAR 924;9.728,00;9.728,00;162;R$ 4,62;748,44
APA2980;OLEO DIESEL S500;16/09/2021;CA-1338;CARREGADEIRA CATERPILLAR 924;9.728,00;9.729,00;149;R$ 4,77;710,73
APA3057;OLEO DIESEL S500;25/09/2021;CA-1338;CARREGADEIRA CATERPILLAR 924;9.729,00;9.730,00;120;R$ 4,77;572,4
APA3235;OLEO DIESEL S500;30/09/2021;CA-1338;CARREGADEIRA CATERPILLAR 924;9.730,00;9.731,00;116;R$ 5,60;649,48
APA3340;OLEO DIESEL S500;21/10/2021;CA-1338;CARREGADEIRA CATERPILLAR 924;9.731,00;9.732,00;706;R$ 5,60;3.952,87
APA3546;OLEO DIESEL S500;29/10/2021;CA-1338;CARREGADEIRA CATERPILLAR 924;9.732,00;9.733,00;185;R$ 5,38;995,3
APA2671;OLEO DIESEL S500;05/08/2021;CA-2078;CARREGADEIRA CATERPILLAR 938;0;1;120;R$ 4,62;554,4
APA2987;OLEO DIESEL S500;16/09/2021;CA-2078;CARREGADEIRA CATERPILLAR 938;1;2;381;R$ 4,77;1.817,37
APA3071;OLEO DIESEL S500;22/09/2021;CA-2078;CARREGADEIRA CATERPILLAR 938;2;3;102;R$ 4,77;486,54
APA3549;OLEO DIESEL S500;29/10/2021;CA-2078;CARREGADEIRA CATERPILLAR 938;3;4;178;R$ 5,38;957,64
APA2283;OLEO DIESEL S500;01/07/2021;CA-4542;CARREGADEIRA DEGONG 938;7.438,00;7.438,00;116;R$ 4,42;512,72
APA2449;OLEO DIESEL S500;19/07/2021;CA-4542;CARREGADEIRA DEGONG 938;7.438,00;7.438,00;75;R$ 4,47;335,25
APA2516;OLEO DIESEL S500;27/07/2021;CA-4542;CARREGADEIRA DEGONG 938;7.438,00;7.438,00;600;R$ 4,42;2.652,00
APA2596;OLEO DIESEL S500;03/08/2021;CA-4542;CARREGADEIRA DEGONG 938;7.438,00;7.438,00;267;R$ 4,62;1.233,54
APA2667;OLEO DIESEL S500;05/08/2021;CA-4542;CARREGADEIRA DEGONG 938;7.438,00;7.438,00;240;R$ 4,62;1.108,80
APA2713;OLEO DIESEL S500;13/08/2021;CA-4542;CARREGADEIRA DEGONG 938;7.438,00;7.438,00;155;R$ 4,62;716,1
APA2728;OLEO DIESEL S500;18/08/2021;CA-4542;CARREGADEIRA DEGONG 938;7.438,00;7.438,00;108;R$ 4,62;498,96
APA2790;OLEO DIESEL S500;19/08/2021;CA-4542;CARREGADEIRA DEGONG 938;7.438,00;7.438,00;125;R$ 4,62;577,5
APA3507;OLEO DIESEL S500;06/11/2021;CA-4542;CARREGADEIRA DEGONG 938;7.438,00;7.439,00;437;R$ 5,38;2.351,06
APA2427;OLEO DIESEL S500;14/07/2021;CO-0007;COLHEDORA JOHN DEERE 9670 A;4.606,00;4.606,00;365;R$ 4,47;1.631,55
APA2602;OLEO DIESEL S500;04/08/2021;CO-0007;COLHEDORA JOHN DEERE 9670 A;4.606,00;4.606,00;2.766,00;R$ 4,62;12.778,92
APA2664;OLEO DIESEL S500;05/08/2021;CO-0007;COLHEDORA JOHN DEERE 9670 A;4.606,00;4.606,00;1.310,00;R$ 4,62;6.052,20
APA2712;OLEO DIESEL S500;18/08/2021;CO-0007;COLHEDORA JOHN DEERE 9670 A;4.606,00;4.606,00;2.441,00;R$ 4,62;11.277,42
APA2787;OLEO DIESEL S500;19/08/2021;CO-0007;COLHEDORA JOHN DEERE 9670 A;4.606,00;4.606,00;571;R$ 4,62;2.638,02
APA2279;OLEO DIESEL S500;01/07/2021;CO-0695;COLHEDORA JOHN DEERE 9770;5.273,00;5.273,00;695;R$ 4,42;3.071,90
APA2352;OLEO DIESEL S500;10/07/2021;CO-0695;COLHEDORA JOHN DEERE 9770;5.273,00;5.273,00;555;R$ 4,47;2.480,85
APA2424;OLEO DIESEL S500;14/07/2021;CO-0695;COLHEDORA JOHN DEERE 9770;5.273,00;5.273,00;245;R$ 4,47;1.095,15
APA2512;OLEO DIESEL S500;24/07/2021;CO-0695;COLHEDORA JOHN DEERE 9770;5.273,00;5.273,00;554;R$ 4,47;2.476,38
APA2603;OLEO DIESEL S500;30/07/2021;CO-0695;COLHEDORA JOHN DEERE 9770;5.273,00;5.273,00;207;R$ 4,62;956,34
APA2672;OLEO DIESEL S500;05/08/2021;CO-0695;COLHEDORA JOHN DEERE 9770;5.273,00;5.273,00;560;R$ 4,62;2.587,20
APA2723;OLEO DIESEL S500;15/08/2021;CO-0695;COLHEDORA JOHN DEERE 9770;5.273,00;5.273,00;1.224,00;R$ 4,62;5.654,88
APA2505;OLEO DIESEL S500;25/07/2021;CO-1380;COLHEDORA JOHN DEERE 9670 B;4.114,00;4.114,00;1.013,00;R$ 4,47;4.528,11
APA2592;OLEO DIESEL S500;04/08/2021;CO-1380;COLHEDORA JOHN DEERE 9670 B;4.114,00;4.114,00;2.427,00;R$ 4,62;11.212,74
APA2662;OLEO DIESEL S500;07/08/2021;CO-1380;COLHEDORA JOHN DEERE 9670 B;4.114,00;4.114,00;1.793,00;R$ 4,62;8.283,66
APA2718;OLEO DIESEL S500;18/08/2021;CO-1380;COLHEDORA JOHN DEERE 9670 B;4.114,00;4.114,00;2.324,00;R$ 4,62;10.736,88
APA2788;OLEO DIESEL S500;19/08/2021;CO-1380;COLHEDORA JOHN DEERE 9670 B;4.114,00;4.114,00;867;R$ 4,62;4.005,54
APA2889;OLEO DIESEL S500;03/09/2021;CO-1380;COLHEDORA JOHN DEERE 9670 B;4.114,00;4.114,00;118;R$ 4,62;545,16
APA2353;OLEO DIESEL S500;05/07/2021;CO-3727;COLHEDORA MASSEY F 9895 A;1.448,00;1.448,00;460;R$ 4,47;2.056,20
APA2497;OLEO DIESEL S500;26/07/2021;CO-3727;COLHEDORA MASSEY F 9895 A;1.448,00;1.448,00;1.266,00;R$ 4,47;5.659,02
APA2590;OLEO DIESEL S500;03/08/2021;CO-3727;COLHEDORA MASSEY F 9895 A;1.448,00;1.448,00;3.717,00;R$ 4,62;17.172,54
APA2663;OLEO DIESEL S500;05/08/2021;CO-3727;COLHEDORA MASSEY F 9895 A;1.448,00;1.448,00;1.310,00;R$ 4,62;6.052,20
APA2710;OLEO DIESEL S500;18/08/2021;CO-3727;COLHEDORA MASSEY F 9895 A;1.448,00;1.448,00;3.481,00;R$ 4,62;16.082,22
APA2404;OLEO DIESEL S500;10/07/2021;CO-8512;COLHEDORA NEW HOLLAND CR 5.85;1.606,00;1.606,00;538;R$ 4,47;2.404,86
APA2419;OLEO DIESEL S500;14/07/2021;CO-8512;COLHEDORA NEW HOLLAND CR 5.85;1.606,00;1.606,00;523;R$ 4,47;2.337,81
APA2437;OLEO DIESEL S500;17/07/2021;CO-8512;COLHEDORA NEW HOLLAND CR 5.85;1.606,00;1.606,00;568;R$ 4,47;2.538,96
APA2496;OLEO DIESEL S500;23/07/2021;CO-8512;COLHEDORA NEW HOLLAND CR 5.85;1.606,00;1.606,00;790;R$ 4,47;3.531,30
APA2726;OLEO DIESEL S500;15/08/2021;CO-8512;COLHEDORA NEW HOLLAND CR 5.85;1.606,00;1.606,00;571;R$ 4,62;2.638,02
APA2294;OLEO DIESEL S500;03/07/2021;IE-0019;OFICINA E GALPAO DE MAQUINAS;0;0;10;R$ 4,42;44,2
APA2997;OLEO DIESEL S500;09/09/2021;MC-0019;GRUPO GERADOR STEMAC 450 KVA;63;64;705;R$ 4,62;3.257,10
APA3514;OLEO DIESEL S500;29/10/2021;MC-0019;GRUPO GERADOR STEMAC 450 KVA;64;65;200;R$ 5,38;1.076,00
APA2290;OLEO DIESEL S500;02/07/2021;PV-0024;PULVERIZADOR JOHN DEERE 4030 A;1.995,00;1.995,00;215;R$ 4,42;950,3
APA2883;OLEO DIESEL S500;26/08/2021;PV-0024;PULVERIZADOR JOHN DEERE 4030 A;1.995,00;1.995,00;215;R$ 4,62;993,3
APA3238;OLEO DIESEL S500;02/10/2021;PV-0024;PULVERIZADOR JOHN DEERE 4030 A;1.995,00;1.996,00;162;R$ 5,60;907,03
APA3413;OLEO DIESEL S500;18/10/2021;PV-0024;PULVERIZADOR JOHN DEERE 4030 A;1.996,00;1.997,00;708;R$ 5,60;3.964,06
APA3498;OLEO DIESEL S500;30/10/2021;PV-0024;PULVERIZADOR JOHN DEERE 4030 A;1.997,00;1.998,00;941;R$ 4,77;4.488,57
APA2506;OLEO DIESEL S500;23/07/2021;PV-0042;PULVERIZADOR JOHN DEERE 4030 B;1.786,00;1.786,00;220;R$ 4,47;983,4
APA2783;OLEO DIESEL S500;19/08/2021;PV-0042;PULVERIZADOR JOHN DEERE 4030 B;1.786,00;1.786,00;380;R$ 4,62;1.755,60
APA3237;OLEO DIESEL S500;01/10/2021;PV-0042;PULVERIZADOR JOHN DEERE 4030 B;1.786,00;1.787,00;151;R$ 5,60;845,44
APA3364;OLEO DIESEL S500;18/10/2021;PV-0042;PULVERIZADOR JOHN DEERE 4030 B;1.787,00;1.788,00;924;R$ 5,60;5.173,44
APA3499;OLEO DIESEL S500;30/10/2021;PV-0042;PULVERIZADOR JOHN DEERE 4030 B;1.788,00;1.789,00;903;R$ 4,77;4.307,31
APA2779;OLEO DIESEL S500;19/08/2021;PV-0239;PULVERIZADOR / ESPALHADOR JOHN DEERE;6.751,00;6.751,00;110;R$ 4,62;508,2
APA2882;OLEO DIESEL S500;03/09/2021;PV-0239;PULVERIZADOR / ESPALHADOR JOHN DEERE;6.751,00;6.751,00;686;R$ 4,62;3.169,32
APA2989;OLEO DIESEL S500;14/09/2021;PV-0239;PULVERIZADOR / ESPALHADOR JOHN DEERE;6.751,00;6.752,00;341;R$ 4,77;1.626,57
APA2982;OLEO DIESEL S500;16/09/2021;PV-0239;PULVERIZADOR / ESPALHADOR JOHN DEERE;6.751,00;6.752,00;685;R$ 4,77;3.267,45
APA3062;OLEO DIESEL S500;21/09/2021;PV-0239;PULVERIZADOR / ESPALHADOR JOHN DEERE;6.752,00;6.753,00;340;R$ 4,77;1.621,80
APA3501;OLEO DIESEL S500;26/10/2021;PV-0239;PULVERIZADOR / ESPALHADOR JOHN DEERE;6.753,00;6.754,00;200;R$ 4,77;954
APA2401;OLEO DIESEL S500;10/07/2021;PV-57J6;PULVERIZADOR JACTO UNIPORT;7.735,00;7.735,00;80;R$ 4,47;357,6
APA2420;OLEO DIESEL S500;13/07/2021;PV-57J6;PULVERIZADOR JACTO UNIPORT;7.735,00;7.735,00;25;R$ 4,47;111,75
APA2450;OLEO DIESEL S500;20/07/2021;PV-57J6;PULVERIZADOR JACTO UNIPORT;7.735,00;7.735,00;54;R$ 4,47;241,38
APA2598;OLEO DIESEL S500;04/08/2021;PV-57J6;PULVERIZADOR JACTO UNIPORT;7.735,00;7.735,00;176;R$ 4,62;813,12
APA2669;OLEO DIESEL S500;05/08/2021;PV-57J6;PULVERIZADOR JACTO UNIPORT;7.735,00;7.735,00;45;R$ 4,62;207,9
APA2709;OLEO DIESEL S500;18/08/2021;PV-57J6;PULVERIZADOR JACTO UNIPORT;7.735,00;7.735,00;188;R$ 4,62;868,56
APA2782;OLEO DIESEL S500;19/08/2021;PV-57J6;PULVERIZADOR JACTO UNIPORT;7.735,00;7.735,00;92;R$ 4,62;425,04
APA2281;OLEO DIESEL S500;01/07/2021;TR-0311;TRATOR JOHN DEERE 7230 J B;4.274,00;4.274,00;268;R$ 4,42;1.184,56
APA2405;OLEO DIESEL S500;08/07/2021;TR-0311;TRATOR JOHN DEERE 7230 J B;4.274,00;4.274,00;243;R$ 4,47;1.086,21
APA2438;OLEO DIESEL S500;17/07/2021;TR-0311;TRATOR JOHN DEERE 7230 J B;4.274,00;4.274,00;215;R$ 4,47;961,05
APA2507;OLEO DIESEL S500;23/07/2021;TR-0311;TRATOR JOHN DEERE 7230 J B;4.274,00;4.274,00;140;R$ 4,47;625,8
APA2607;OLEO DIESEL S500;02/08/2021;TR-0311;TRATOR JOHN DEERE 7230 J B;4.274,00;4.274,00;187;R$ 4,62;863,94
APA2665;OLEO DIESEL S500;05/08/2021;TR-0311;TRATOR JOHN DEERE 7230 J B;4.274,00;4.274,00;308;R$ 4,62;1.422,96
APA2716;OLEO DIESEL S500;11/08/2021;TR-0311;TRATOR JOHN DEERE 7230 J B;4.274,00;4.274,00;340;R$ 4,62;1.570,80
APA2888;OLEO DIESEL S500;03/09/2021;TR-0311;TRATOR JOHN DEERE 7230 J B;4.274,00;4.274,00;370;R$ 4,62;1.709,40
APA3240;OLEO DIESEL S500;02/10/2021;TR-0311;TRATOR JOHN DEERE 7230 J B;4.274,00;4.275,00;210;R$ 5,60;1.175,78
APA3358;OLEO DIESEL S500;22/10/2021;TR-0311;TRATOR JOHN DEERE 7230 J B;4.275,00;4.276,00;2.198,00;R$ 5,60;12.306,51
APA3490;OLEO DIESEL S500;04/11/2021;TR-0311;TRATOR JOHN DEERE 7230 J B;4.276,00;4.277,00;1.886,00;R$ 4,77;8.996,22
APA2425;OLEO DIESEL S500;14/07/2021;TR-0379;TRATOR JOHN DEERE 6170 J A;1.986,00;1.986,00;88;R$ 4,47;393,36
APA2608;OLEO DIESEL S500;03/08/2021;TR-0379;TRATOR JOHN DEERE 6170 J A;1.986,00;1.986,00;270;R$ 4,62;1.247,40
APA2725;OLEO DIESEL S500;14/08/2021;TR-0379;TRATOR JOHN DEERE 6170 J A;1.986,00;1.986,00;121;R$ 4,62;559,02
APA2781;OLEO DIESEL S500;19/08/2021;TR-0379;TRATOR JOHN DEERE 6170 J A;1.986,00;1.986,00;463;R$ 4,62;2.139,06
APA2873;OLEO DIESEL S500;03/09/2021;TR-0379;TRATOR JOHN DEERE 6170 J A;1.986,00;1.986,00;686;R$ 4,62;3.169,32
APA2874;OLEO DIESEL S500;03/09/2021;TR-0379;TRATOR JOHN DEERE 6170 J A;1.986,00;1.986,00;365;R$ 4,62;1.686,30
APA2977;OLEO DIESEL S500;16/09/2021;TR-0379;TRATOR JOHN DEERE 6170 J A;1.986,00;1.987,00;1.091,00;R$ 4,62;5.040,42
APA3067;OLEO DIESEL S500;23/09/2021;TR-0379;TRATOR JOHN DEERE 6170 J A;1.987,00;1.988,00;226;R$ 4,77;1.078,02
APA3220;OLEO DIESEL S500;02/10/2021;TR-0379;TRATOR JOHN DEERE 6170 J A;1.988,00;1.989,00;230;R$ 4,92;1.131,60
APA3418;OLEO DIESEL S500;16/10/2021;TR-0379;TRATOR JOHN DEERE 6170 J A;1.989,00;1.990,00;120;R$ 5,60;671,88
APA3502;OLEO DIESEL S500;29/10/2021;TR-0379;TRATOR JOHN DEERE 6170 J A;1.990,00;1.991,00;360;R$ 4,77;1.717,20
APA2406;OLEO DIESEL S500;08/07/2021;TR-0611;TRATOR JOHN DEERE 5090E;3.470,00;3.470,00;48;R$ 4,47;214,56
APA2679;OLEO DIESEL S500;07/08/2021;TR-0611;TRATOR JOHN DEERE 5090E;3.470,00;3.470,00;20;R$ 4,62;92,4
APA2729;OLEO DIESEL S500;19/08/2021;TR-0611;TRATOR JOHN DEERE 5090E;3.470,00;3.470,00;58;R$ 4,62;267,96
APA3073;OLEO DIESEL S500;24/09/2021;TR-0611;TRATOR JOHN DEERE 5090E;3.470,00;3.471,00;40;R$ 4,77;190,8
APA3241;OLEO DIESEL S500;02/10/2021;TR-0611;TRATOR JOHN DEERE 5090E;3.471,00;3.472,00;40;R$ 5,60;223,96
APA3411;OLEO DIESEL S500;21/10/2021;TR-0611;TRATOR JOHN DEERE 5090E;3.472,00;3.473,00;115;R$ 5,60;643,88
APA3544;OLEO DIESEL S500;29/10/2021;TR-0611;TRATOR JOHN DEERE 5090E;3.473,00;3.474,00;50;R$ 5,38;269
APA2400;OLEO DIESEL S500;07/07/2021;TR-0686;TRATOR JOHN DEERE 6170 J B;1.531,00;1.531,00;170;R$ 4,47;759,9
APA2408;OLEO DIESEL S500;12/07/2021;TR-0686;TRATOR JOHN DEERE 6170 J B;1.531,00;1.531,00;50;R$ 4,47;223,5
APA2418;OLEO DIESEL S500;14/07/2021;TR-0686;TRATOR JOHN DEERE 6170 J B;1.531,00;1.531,00;280;R$ 4,47;1.251,60
APA2513;OLEO DIESEL S500;25/07/2021;TR-0686;TRATOR JOHN DEERE 6170 J B;1.531,00;1.531,00;228;R$ 4,47;1.019,16
APA2600;OLEO DIESEL S500;29/07/2021;TR-0686;TRATOR JOHN DEERE 6170 J B;1.531,00;1.531,00;44;R$ 4,62;203,28
APA2677;OLEO DIESEL S500;07/08/2021;TR-0686;TRATOR JOHN DEERE 6170 J B;1.531,00;1.531,00;107;R$ 4,62;494,34
APA2720;OLEO DIESEL S500;12/08/2021;TR-0686;TRATOR JOHN DEERE 6170 J B;1.531,00;1.531,00;566;R$ 4,62;2.614,92
APA2789;OLEO DIESEL S500;19/08/2021;TR-0686;TRATOR JOHN DEERE 6170 J B;1.531,00;1.531,00;145;R$ 4,62;669,9
APA2871;OLEO DIESEL S500;26/08/2021;TR-0686;TRATOR JOHN DEERE 6170 J B;1.531,00;1.531,00;823;R$ 4,62;3.802,26
APA2881;OLEO DIESEL S500;03/09/2021;TR-0686;TRATOR JOHN DEERE 6170 J B;1.531,00;1.531,00;190;R$ 4,62;877,8
APA2978;OLEO DIESEL S500;16/09/2021;TR-0686;TRATOR JOHN DEERE 6170 J B;1.531,00;1.532,00;1.101,00;R$ 4,77;5.251,77
APA3059;OLEO DIESEL S500;24/09/2021;TR-0686;TRATOR JOHN DEERE 6170 J B;1.532,00;1.533,00;439;R$ 4,77;2.094,03
APA3223;OLEO DIESEL S500;30/09/2021;TR-0686;TRATOR JOHN DEERE 6170 J B;1.533,00;1.534,00;254;R$ 4,92;1.249,68
APA3414;OLEO DIESEL S500;18/10/2021;TR-0686;TRATOR JOHN DEERE 6170 J B;1.534,00;1.535,00;205;R$ 5,60;1.147,79
APA3547;OLEO DIESEL S500;29/10/2021;TR-0686;TRATOR JOHN DEERE 6170 J B;1.535,00;1.536,00;205;R$ 5,38;1.102,90
APA3513;OLEO DIESEL S500;29/10/2021;TR-06AB;TRATOR FORD 5630;2.909,00;2.910,00;84;R$ 4,77;400,68
APA2995;OLEO DIESEL S500;16/09/2021;TR1044;TRATOR NEW HOLLAND T9 480;0;1;1.023,00;R$ 4,77;4.879,71
APA3415;OLEO DIESEL S500;19/10/2021;TR1044;TRATOR NEW HOLLAND T9 480;1;2;1.882,00;R$ 5,60;10.537,24
APA3493;OLEO DIESEL S500;29/10/2021;TR1044;TRATOR NEW HOLLAND T9 480;2;3;2.665,00;R$ 4,77;12.712,05
APA2605;OLEO DIESEL S500;30/07/2021;TR-1053;TRATOR JOHN DEERE 7515;13.239,00;13.239,00;142;R$ 4,62;656,04
APA2668;OLEO DIESEL S500;07/08/2021;TR-1053;TRATOR JOHN DEERE 7515;13.239,00;13.239,00;90;R$ 4,62;415,8
APA2721;OLEO DIESEL S500;13/08/2021;TR-1053;TRATOR JOHN DEERE 7515;13.239,00;13.239,00;125;R$ 4,62;577,5
APA3509;OLEO DIESEL S500;06/11/2021;TR-1053;TRATOR JOHN DEERE 7515;13.239,00;13.240,00;463;R$ 5,38;2.490,94
APA2289;OLEO DIESEL S500;02/07/2021;1740;TRATOR JOHN DEERE 7230 J A;3.808,00;3.808,00;163;R$ 4,42;720,46
APA2396;OLEO DIESEL S500;08/07/2021;1740;TRATOR JOHN DEERE 7230 J A;3.808,00;3.808,00;434;R$ 4,47;1.939,98
APA2423;OLEO DIESEL S500;14/07/2021;1740;TRATOR JOHN DEERE 7230 J A;3.808,00;3.808,00;140;R$ 4,47;625,8
APA2440;OLEO DIESEL S500;19/07/2021;1740;TRATOR JOHN DEERE 7230 J A;3.808,00;3.808,00;353;R$ 4,47;1.577,91
APA2500;OLEO DIESEL S500;23/07/2021;1740;TRATOR JOHN DEERE 7230 J A;3.808,00;3.808,00;278;R$ 4,47;1.242,66
APA2594;OLEO DIESEL S500;04/08/2021;1740;TRATOR JOHN DEERE 7230 J A;3.808,00;3.808,00;1.421,00;R$ 4,62;6.565,02
APA2666;OLEO DIESEL S500;05/08/2021;1740;TRATOR JOHN DEERE 7230 J A;3.808,00;3.808,00;178;R$ 4,62;822,36
APA2715;OLEO DIESEL S500;18/08/2021;1740;TRATOR JOHN DEERE 7230 J A;3.808,00;3.808,00;901;R$ 4,62;4.162,62
APA2784;OLEO DIESEL S500;19/08/2021;1740;TRATOR JOHN DEERE 7230 J A;3.808,00;3.808,00;380;R$ 4,62;1.755,60
APA2878;OLEO DIESEL S500;24/08/2021;1740;TRATOR JOHN DEERE 7230 J A;3.808,00;3.808,00;230;R$ 4,62;1.062,60
APA2993;OLEO DIESEL S500;15/09/2021;1740;TRATOR JOHN DEERE 7230 J A;3.808,00;3.809,00;200;R$ 4,77;954
APA3070;OLEO DIESEL S500;23/09/2021;1740;TRATOR JOHN DEERE 7230 J A;3.809,00;3.810,00;229;R$ 4,77;1.092,33
APA3222;OLEO DIESEL S500;28/09/2021;1740;TRATOR JOHN DEERE 7230 J A;3.810,00;3.811,00;126;R$ 4,92;619,92
APA3363;OLEO DIESEL S500;22/10/2021;1740;TRATOR JOHN DEERE 7230 J A;3.811,00;3.812,00;2.701,00;R$ 5,60;15.122,79
APA3495;OLEO DIESEL S500;06/11/2021;1740;TRATOR JOHN DEERE 7230 J A;3.812,00;3.813,00;1.879,00;R$ 4,77;8.962,83
APA2285;OLEO DIESEL S500;01/07/2021;TR-2333;TRATOR NEW HOLLAND T8 355;3.814,00;3.814,00;325;R$ 4,42;1.436,50
APA2397;OLEO DIESEL S500;06/07/2021;TR-2333;TRATOR NEW HOLLAND T8 355;3.814,00;3.814,00;430;R$ 4,47;1.922,10
APA2443;OLEO DIESEL S500;19/07/2021;TR-2333;TRATOR NEW HOLLAND T8 355;3.814,00;3.814,00;667;R$ 4,47;2.981,49
APA2510;OLEO DIESEL S500;23/07/2021;TR-2333;TRATOR NEW HOLLAND T8 355;3.814,00;3.814,00;330;R$ 4,47;1.475,10
APA2604;OLEO DIESEL S500;30/07/2021;TR-2333;TRATOR NEW HOLLAND T8 355;3.814,00;3.814,00;330;R$ 4,62;1.524,60
APA2877;OLEO DIESEL S500;04/09/2021;TR-2333;TRATOR NEW HOLLAND T8 355;3.814,00;3.814,00;2.497,00;R$ 4,62;11.536,14
APA3072;OLEO DIESEL S500;24/09/2021;TR-2333;TRATOR NEW HOLLAND T8 355;3.814,00;3.815,00;360;R$ 4,77;1.717,20
APA3232;OLEO DIESEL S500;29/09/2021;TR-2333;TRATOR NEW HOLLAND T8 355;3.815,00;3.816,00;469;R$ 4,92;2.307,48
APA3360;OLEO DIESEL S500;22/10/2021;TR-2333;TRATOR NEW HOLLAND T8 355;3.816,00;3.817,00;2.218,00;R$ 5,60;12.418,49
APA3494;OLEO DIESEL S500;29/10/2021;TR-2333;TRATOR NEW HOLLAND T8 355;3.817,00;3.818,00;2.419,00;R$ 4,77;11.538,63
APA2287;OLEO DIESEL S500;01/07/2021;TR-2611;TRATOR JOHN DEERE 6165;72.852,00;72.852,00;95;R$ 4,42;419,9
APA2519;OLEO DIESEL S500;27/07/2021;TR-2611;TRATOR JOHN DEERE 6165;8.493,00;8.493,00;600;R$ 4,42;2.652,00
APA2606;OLEO DIESEL S500;03/08/2021;TR-2611;TRATOR JOHN DEERE 6165;8.493,00;8.493,00;130;R$ 4,62;600,6
APA2675;OLEO DIESEL S500;07/08/2021;TR-2611;TRATOR JOHN DEERE 6165;8.493,00;8.493,00;100;R$ 4,62;462
APA2714;OLEO DIESEL S500;18/08/2021;TR-2611;TRATOR JOHN DEERE 6165;8.493,00;8.493,00;200;R$ 4,62;924
APA2791;OLEO DIESEL S500;19/08/2021;TR-2611;TRATOR JOHN DEERE 6165;8.493,00;8.493,00;170;R$ 4,62;785,4
APA3505;OLEO DIESEL S500;06/11/2021;TR-2611;TRATOR JOHN DEERE 6165;8.493,00;8.494,00;428;R$ 5,38;2.302,64
APA2286;OLEO DIESEL S500;01/07/2021;TR-3474;TRATOR NEW HOLLAND T8 325;3.885,00;3.885,00;372;R$ 4,42;1.644,24
APA2395;OLEO DIESEL S500;12/07/2021;TR-3474;TRATOR NEW HOLLAND T8 325;3.885,00;3.885,00;730;R$ 4,47;3.263,10
APA2428;OLEO DIESEL S500;15/07/2021;TR-3474;TRATOR NEW HOLLAND T8 325;3.885,00;3.885,00;284;R$ 4,47;1.269,48
APA2448;OLEO DIESEL S500;19/07/2021;TR-3474;TRATOR NEW HOLLAND T8 325;3.885,00;3.885,00;430;R$ 4,47;1.922,10
APA2511;OLEO DIESEL S500;23/07/2021;TR-3474;TRATOR NEW HOLLAND T8 325;3.885,00;3.885,00;327;R$ 4,47;1.461,69
APA2711;OLEO DIESEL S500;15/08/2021;TR-3474;TRATOR NEW HOLLAND T8 325;3.885,00;3.885,00;630;R$ 4,62;2.910,60
APA2879;OLEO DIESEL S500;24/08/2021;TR-3474;TRATOR NEW HOLLAND T8 325;3.885,00;3.885,00;284;R$ 4,62;1.312,08
APA2991;OLEO DIESEL S500;16/09/2021;TR-3474;TRATOR NEW HOLLAND T8 325;3.885,00;3.886,00;350;R$ 4,77;1.669,50
APA3359;OLEO DIESEL S500;21/10/2021;TR-3474;TRATOR NEW HOLLAND T8 325;3.886,00;3.887,00;2.486,00;R$ 5,60;13.919,01
APA3492;OLEO DIESEL S500;04/11/2021;TR-3474;TRATOR NEW HOLLAND T8 325;3.887,00;3.888,00;3.055,00;R$ 4,77;14.572,35
APA2786;OLEO DIESEL S500;19/08/2021;TR-3887;TRATOR MASSEY F 4708;864;864;462;R$ 4,62;2.134,44
APA2994;OLEO DIESEL S500;15/09/2021;TR-3887;TRATOR MASSEY F 4708;864;865;30;R$ 4,77;143,1
APA3417;OLEO DIESEL S500;16/10/2021;TR-3887;TRATOR MASSEY F 4708;865;866;150;R$ 5,60;839,84
APA2292;OLEO DIESEL S500;03/07/2021;TR-4178;TRATOR NEW HOLLAND T7 175;4.281,00;4.281,00;160;R$ 4,42;707,2
APA2399;OLEO DIESEL S500;07/07/2021;TR-4178;TRATOR NEW HOLLAND T7 175;4.281,00;4.281,00;55;R$ 4,47;245,85
APA2441;OLEO DIESEL S500;20/07/2021;TR-4178;TRATOR NEW HOLLAND T7 175;4.281,00;4.281,00;209;R$ 4,47;934,23
APA2508;OLEO DIESEL S500;23/07/2021;TR-4178;TRATOR NEW HOLLAND T7 175;4.281,00;4.281,00;80;R$ 4,47;357,6
APA2886;OLEO DIESEL S500;03/09/2021;TR-4178;TRATOR NEW HOLLAND T7 175;4.281,00;4.281,00;234;R$ 4,62;1.081,08
APA2992;OLEO DIESEL S500;15/09/2021;TR-4178;TRATOR NEW HOLLAND T7 175;4.281,00;4.282,00;142;R$ 4,77;677,34
APA3219;OLEO DIESEL S500;02/10/2021;TR-4178;TRATOR NEW HOLLAND T7 175;4.282,00;4.283,00;288;R$ 4,92;1.416,96
APA3357;OLEO DIESEL S500;18/10/2021;TR-4178;TRATOR NEW HOLLAND T7 175;4.283,00;4.284,00;145;R$ 5,60;811,85
APA3545;OLEO DIESEL S500;29/10/2021;TR-4178;TRATOR NEW HOLLAND T7 175;4.284,00;4.285,00;177;R$ 5,38;952,26
APA2282;OLEO DIESEL S500;01/07/2021;TR-5474;TRATOR MASSEY F 292;4.646,00;4.646,00;40;R$ 4,42;176,8
APA2515;OLEO DIESEL S500;27/07/2021;TR-5474;TRATOR MASSEY F 292;4.646,00;4.646,00;600;R$ 4,42;2.652,00
APA2518;OLEO DIESEL S500;27/07/2021;TR-5474;TRATOR MASSEY F 292;4.646,00;4.646,00;600;R$ 4,42;2.652,00
APA2676;OLEO DIESEL S500;07/08/2021;TR-5474;TRATOR MASSEY F 292;4.646,00;4.646,00;40;R$ 4,62;184,8
APA3511;OLEO DIESEL S500;06/11/2021;TR-5474;TRATOR MASSEY F 292;4.646,00;4.647,00;73;R$ 5,38;392,74
APA2394;OLEO DIESEL S500;12/07/2021;TR-7858;TRATOR JOHN DEERE 8320;6.191,00;6.191,00;892;R$ 4,47;3.987,24
APA2429;OLEO DIESEL S500;15/07/2021;TR-7858;TRATOR JOHN DEERE 8320;6.191,00;6.191,00;293;R$ 4,47;1.309,71
APA2504;OLEO DIESEL S500;23/07/2021;TR-7858;TRATOR JOHN DEERE 8320;6.191,00;6.191,00;335;R$ 4,47;1.497,45
APA2724;OLEO DIESEL S500;16/08/2021;TR-7858;TRATOR JOHN DEERE 8320;6.191,00;6.191,00;689;R$ 4,62;3.183,18
APA2780;OLEO DIESEL S500;19/08/2021;TR-7858;TRATOR JOHN DEERE 8320;6.191,00;6.191,00;841;R$ 4,62;3.885,42
APA2876;OLEO DIESEL S500;08/09/2021;TR-7858;TRATOR JOHN DEERE 8320;6.191,00;6.191,00;1.540,00;R$ 4,62;7.114,80
APA2990;OLEO DIESEL S500;16/09/2021;TR-7858;TRATOR JOHN DEERE 8320;6.191,00;6.192,00;1.486,00;R$ 4,77;7.088,22
APA3054;OLEO DIESEL S500;24/09/2021;TR-7858;TRATOR JOHN DEERE 8320;6.192,00;6.193,00;1.134,00;R$ 4,77;5.409,18
APA3362;OLEO DIESEL S500;22/10/2021;TR-7858;TRATOR JOHN DEERE 8320;6.193,00;6.194,00;2.247,00;R$ 5,60;12.580,86
APA3475;OLEO DIESEL S500;06/11/2021;TR-7858;TRATOR JOHN DEERE 8320;6.194,00;6.195,00;2.093,00;R$ 4,77;9.983,61
APA2280;OLEO DIESEL S500;01/07/2021;TR-8614;TRATOR MASSEY F 5709;1.600,00;1.600,00;75;R$ 4,42;331,5
APA2447;OLEO DIESEL S500;19/07/2021;TR-8614;TRATOR MASSEY F 5709;1.600,00;1.600,00;103;R$ 4,47;460,41
APA2678;OLEO DIESEL S500;07/08/2021;TR-8614;TRATOR MASSEY F 5709;1.600,00;1.600,00;60;R$ 4,62;277,2
APA2722;OLEO DIESEL S500;13/08/2021;TR-8614;TRATOR MASSEY F 5709;1.600,00;1.600,00;84;R$ 4,62;388,08
APA3365;OLEO DIESEL S500;06/10/2021;TR-8614;TRATOR MASSEY F 5709;1.600,00;1.601,00;95;R$ 5,60;531,9
APA2288;OLEO DIESEL S500;01/07/2021;TR-9360;TRATOR NEW HOLLAND TL95;3.901,00;3.901,00;40;R$ 4,42;176,8
APA2517;OLEO DIESEL S500;27/07/2021;TR-9360;TRATOR NEW HOLLAND TL95;3.901,00;3.901,00;600;R$ 4,42;2.652,00
APA2597;OLEO DIESEL S500;03/08/2021;TR-9360;TRATOR NEW HOLLAND TL95;3.901,00;3.901,00;166;R$ 4,62;766,92
APA3242;OLEO DIESEL S500;02/10/2021;TR-9360;TRATOR NEW HOLLAND TL95;3.901,00;3.902,00;112;R$ 5,60;627,08
APA3548;OLEO DIESEL S500;06/11/2021;TR-9360;TRATOR NEW HOLLAND TL95;3.902,00;3.903,00;60;R$ 5,38;322,8
APA2403;OLEO DIESEL S500;08/07/2021;VC-0213;CAMINHAO AGRALE 9200;256.899,00;256.899,00;40;R$ 4,47;178,8
APA2599;OLEO DIESEL S500;29/07/2021;VC-0213;CAMINHAO AGRALE 9200;256.899,00;256.899,00;176;R$ 4,62;813,12
APA2673;OLEO DIESEL S500;07/08/2021;VC-0213;CAMINHAO AGRALE 9200;256.899,00;256.899,00;57;R$ 4,62;263,34
APA2986;OLEO DIESEL S500;21/09/2021;VC-0213;CAMINHAO AGRALE 9200;256.899,00;256.900,00;40;R$ 4,77;190,8
APA3063;OLEO DIESEL S500;21/09/2021;VC-0213;CAMINHAO AGRALE 9200;256.899,00;256.900,00;110;R$ 4,77;524,7
APA3236;OLEO DIESEL S500;30/09/2021;VC-0213;CAMINHAO AGRALE 9200;256.900,00;256.901,00;120;R$ 5,60;671,88
APA3367;OLEO DIESEL S500;21/10/2021;VC-0213;CAMINHAO AGRALE 9200;256.901,00;256.902,00;231;R$ 5,60;1.293,36
APA2398;OLEO DIESEL S500;06/07/2021;VC-2422;CAMINHAO MERCEDES B 1620;136.482,00;136.482,00;80;R$ 4,47;357,6
APA2439;OLEO DIESEL S500;17/07/2021;VC-2422;CAMINHAO MERCEDES B 1620;136.482,00;136.482,00;96;R$ 4,47;429,12
APA2502;OLEO DIESEL S500;23/07/2021;VC-2422;CAMINHAO MERCEDES B 1620;136.482,00;136.482,00;150;R$ 4,47;670,5
APA2595;OLEO DIESEL S500;29/07/2021;VC-2422;CAMINHAO MERCEDES B 1620;136.482,00;136.482,00;116;R$ 4,62;535,92
APA2674;OLEO DIESEL S500;07/08/2021;VC-2422;CAMINHAO MERCEDES B 1620;136.482,00;136.482,00;50;R$ 4,62;231
APA2872;OLEO DIESEL S500;24/08/2021;VC-2422;CAMINHAO MERCEDES B 1620;136.482,00;136.482,00;123;R$ 4,62;568,26
APA3233;OLEO DIESEL S500;02/10/2021;VC-2422;CAMINHAO MERCEDES B 1620;136.482,00;136.483,00;200;R$ 4,92;984
APA3412;OLEO DIESEL S500;18/10/2021;VC-2422;CAMINHAO MERCEDES B 1620;136.483,00;136.484,00;140;R$ 5,60;783,85
APA3368;OLEO DIESEL S500;10/10/2021;VC-2742;CAMINHAO MERCEDES B 1313;46.534,00;46.535,00;103;R$ 5,60;576,69
APA3550;OLEO DIESEL S500;18/10/2021;VC-5077;CAMINHAO VOLKSWAGEN 26280;1;2;432;R$ 5,60;2.418,75
APA3500;OLEO DIESEL S500;06/11/2021;VC-5077;CAMINHAO VOLKSWAGEN 26280;1;2;553;R$ 4,77;2.637,81
APA2421;OLEO DIESEL S500;13/07/2021;VC-8873;CAMINHAO MERCEDES B 2726;135.743,00;135.743,00;86;R$ 4,47;384,42
APA2446;OLEO DIESEL S500;17/07/2021;VC-8873;CAMINHAO MERCEDES B 2726;135.743,00;135.743,00;202;R$ 4,47;902,94
APA2514;OLEO DIESEL S500;26/07/2021;VC-8873;CAMINHAO MERCEDES B 2726;135.743,00;135.743,00;56;R$ 4,47;250,32
APA2601;OLEO DIESEL S500;29/07/2021;VC-8873;CAMINHAO MERCEDES B 2726;135.743,00;135.743,00;112;R$ 4,62;517,44
APA2727;OLEO DIESEL S500;17/08/2021;VC-8873;CAMINHAO MERCEDES B 2726;135.743,00;135.743,00;60;R$ 4,62;277,2
APA2778;OLEO DIESEL S500;19/08/2021;VC-8873;CAMINHAO MERCEDES B 2726;135.743,00;135.743,00;427;R$ 4,62;1.972,74
APA2875;OLEO DIESEL S500;26/08/2021;VC-8873;CAMINHAO MERCEDES B 2726;135.743,00;135.743,00;746;R$ 4,62;3.446,52
APA2981;OLEO DIESEL S500;16/09/2021;VC-8873;CAMINHAO MERCEDES B 2726;135.743,00;135.744,00;1.057,00;R$ 4,77;5.041,89
APA3061;OLEO DIESEL S500;24/09/2021;VC-8873;CAMINHAO MERCEDES B 2726;135.744,00;135.745,00;387;R$ 4,77;1.845,99
APA3224;OLEO DIESEL S500;30/09/2021;VC-8873;CAMINHAO MERCEDES B 2726;135.745,00;135.746,00;430;R$ 4,92;2.115,60
APA3361;OLEO DIESEL S500;22/10/2021;VC-8873;CAMINHAO MERCEDES B 2726;135.746,00;135.747,00;242;R$ 5,60;1.354,95
APA3503;OLEO DIESEL S500;28/10/2021;VC-8873;CAMINHAO MERCEDES B 2726;135.747,00;135.748,00;168;R$ 5,38;903,84
APA2998;OLEO DIESEL S500;15/09/2021;VU-1614;PICK-UP MITSUBISHI PAJERO SPORT;0;0;54;R$ 4,77;257,58
APA3064;OLEO DIESEL S500;21/09/2021;VU-1614;PICK-UP MITSUBISHI PAJERO SPORT;0;0;45;R$ 4,77;214,65
APA3088;OLEO DIESEL S500;27/09/2021;VU-7034;PICK-UP FORD RANGER;67.950,00;67.950,00;42,64;R$ 4,92;209,78
APA3370;OLEO DIESEL S500;21/10/2021;VU-7034;PICK-UP FORD RANGER;67.950,00;67.951,00;135;R$ 5,60;755,86
APA3497;OLEO DIESEL S500;30/10/2021;VU-7034;PICK-UP FORD RANGER;67.951,00;67.952,00;207;R$ 4,77;987,39
APA3623;OLEO DIESEL S10;09/11/2021;1;CARREGADEIRAS DE TERCEIROS;0;0;247;R$ 5,38;1.328,86
APA3769;OLEO DIESEL S10;19/11/2021;9;VEICULOS DE CARGA DE TERCEIROS;0;0;312;R$ 5,90;1.840,48
APA2530;OLEO DIESEL S10;27/07/2021;BT0010;VEICULOS UTILITARIOS DE TERCEIROS;0;0;76,13;R$ 4,86;369,99
APA3472;OLEO DIESEL S10;07/10/2021;BT0010;VEICULOS UTILITARIOS DE TERCEIROS;0;0;26,62;R$ 5,60;149,05
APA3454;OLEO DIESEL S10;19/10/2021;BT0010;VEICULOS UTILITARIOS DE TERCEIROS;0;0;78,28;R$ 5,20;407,05
APA3631;OLEO DIESEL S10;09/11/2021;BT0010;VEICULOS UTILITARIOS DE TERCEIROS;0;0;280;R$ 5,38;1.506,40
APA3727;OLEO DIESEL S10;16/11/2021;BT0010;VEICULOS UTILITARIOS DE TERCEIROS;0;0;70,54;R$ 5,90;416,12
APA3759;OLEO DIESEL S10;19/11/2021;BT0010;VEICULOS UTILITARIOS DE TERCEIROS;0;0;124,5;R$ 5,90;734,42
APA3768;OLEO DIESEL S10;19/11/2021;BT0010;VEICULOS UTILITARIOS DE TERCEIROS;0;0;222;R$ 5,90;1.309,57
APA3730;OLEO DIESEL S10;24/11/2021;BT0010;VEICULOS UTILITARIOS DE TERCEIROS;0;0;25,1;R$ 5,90;148,06
APA3635;OLEO DIESEL S10;10/11/2021;CA-1338;CARREGADEIRA CATERPILLAR 924;9.733,00;9.734,00;303;R$ 5,38;1.630,14
APA3747;OLEO DIESEL S10;19/11/2021;CA-1338;CARREGADEIRA CATERPILLAR 924;9.734,00;9.735,00;288;R$ 5,90;1.698,91
APA3618;OLEO DIESEL S10;06/11/2021;CA-4542;CARREGADEIRA DEGONG 938;7.438,00;7.439,00;146;R$ 5,38;785,48
APA3801;OLEO DIESEL S10;09/11/2021;CA-4542;CARREGADEIRA DEGONG 938;7.438,00;7.439,00;2.384,00;R$ 4,70;11.204,80
APA3624;OLEO DIESEL S10;10/11/2021;MC-0020;GRUPO GERADOR GE 40 KVA;6;7;112;R$ 5,38;602,56
APA3632;OLEO DIESEL S10;17/11/2021;PV-0024;PULVERIZADOR JOHN DEERE 4030 A;1.998,00;1.999,00;879;R$ 5,38;4.729,02
APA3749;OLEO DIESEL S10;19/11/2021;PV-0024;PULVERIZADOR JOHN DEERE 4030 A;1.999,00;2.000,00;914;R$ 5,90;5.391,67
APA3628;OLEO DIESEL S10;10/11/2021;PV-0042;PULVERIZADOR JOHN DEERE 4030 B;1.789,00;1.790,00;1.159,00;R$ 5,38;6.235,42
APA3751;OLEO DIESEL S10;19/11/2021;PV-0042;PULVERIZADOR JOHN DEERE 4030 B;1.790,00;1.791,00;1.334,00;R$ 5,90;7.869,24
APA3626;OLEO DIESEL S10;10/11/2021;PV-5148;PULVERIZADOR JOHN DEERE 4730 FIBRA;3.820,10;3.820,20;185;R$ 5,38;995,3
APA3753;OLEO DIESEL S10;19/11/2021;PV-5148;PULVERIZADOR JOHN DEERE 4730 FIBRA;3.820,20;3.821,30;1.068,00;R$ 5,90;6.300,11
APA3638;OLEO DIESEL S10;16/11/2021;PV-57J6;PULVERIZADOR JACTO UNIPORT;7.735,00;7.736,00;93;R$ 5,38;500,34
APA3761;OLEO DIESEL S10;19/11/2021;PV-57J6;PULVERIZADOR JACTO UNIPORT;7.736,00;7.737,00;384;R$ 5,90;2.265,21
APA3633;OLEO DIESEL S10;17/11/2021;TR-0311;TRATOR JOHN DEERE 7230 J B;4.277,00;4.278,00;1.385,00;R$ 5,38;7.451,30
APA3760;OLEO DIESEL S10;19/11/2021;TR-0311;TRATOR JOHN DEERE 7230 J B;4.278,00;4.279,00;788;R$ 5,90;4.648,40
APA3641;OLEO DIESEL S10;14/11/2021;TR-0611;TRATOR JOHN DEERE 5090E;3.474,00;3.475,00;84;R$ 5,38;451,92
APA3764;OLEO DIESEL S10;19/11/2021;TR-0611;TRATOR JOHN DEERE 5090E;3.475,00;3.476,00;245;R$ 5,90;1.445,25
APA3643;OLEO DIESEL S10;09/11/2021;TR-0686;TRATOR JOHN DEERE 6170 J B;1.536,00;1.537,00;197;R$ 5,38;1.059,86
APA3766;OLEO DIESEL S10;19/11/2021;TR-0686;TRATOR JOHN DEERE 6170 J B;1.537,00;1.538,00;395;R$ 5,90;2.330,10
APA3802;OLEO DIESEL S10;09/11/2021;TR-06AB;TRATOR FORD 5630;2.909,00;2.909,00;600;R$ 4,70;2.820,00
APA3630;OLEO DIESEL S10;17/11/2021;TR1044;TRATOR NEW HOLLAND T9 480;3;4;2.290,00;R$ 5,38;12.320,20
APA3645;OLEO DIESEL S10;17/11/2021;TR1044;TRATOR NEW HOLLAND T9 480;3;4;525;R$ 5,38;2.824,50
APA3763;OLEO DIESEL S10;19/11/2021;TR1044;TRATOR NEW HOLLAND T9 480;4;5;1.100,00;R$ 5,90;6.488,88
APA3799;OLEO DIESEL S10;09/11/2021;TR-1053;TRATOR JOHN DEERE 7515;13.239,00;13.239,00;2.384,00;R$ 4,00;9.533,25
APA3757;OLEO DIESEL S10;19/11/2021;TR-1053;TRATOR JOHN DEERE 7515;13.240,00;13.241,00;70;R$ 5,90;412,93
APA3634;OLEO DIESEL S10;17/11/2021;1740;TRATOR JOHN DEERE 7230 J A;3.813,00;3.814,00;1.736,00;R$ 5,38;9.339,68
APA3748;OLEO DIESEL S10;19/11/2021;1740;TRATOR JOHN DEERE 7230 J A;3.814,00;3.815,00;344;R$ 5,90;2.029,25
APA3629;OLEO DIESEL S10;16/11/2021;TR-2333;TRATOR NEW HOLLAND T8 355;3.818,00;3.819,00;2.042,00;R$ 5,38;10.985,96
APA3800;OLEO DIESEL S10;09/11/2021;TR-2611;TRATOR JOHN DEERE 6165;72.852,00;72.852,00;2.384,00;R$ 4,70;11.204,80
APA3620;OLEO DIESEL S10;10/11/2021;TR-2611;TRATOR JOHN DEERE 6165;8.493,00;8.494,00;221;R$ 5,38;1.188,98
APA3640;OLEO DIESEL S10;16/11/2021;TR-3474;TRATOR NEW HOLLAND T8 325;3.888,00;3.889,00;1.123,00;R$ 5,38;6.041,74
APA3756;OLEO DIESEL S10;19/11/2021;TR-4178;TRATOR NEW HOLLAND T7 175;4.285,00;4.286,00;150;R$ 5,90;884,85
APA3644;OLEO DIESEL S10;09/11/2021;TR-7858;TRATOR JOHN DEERE 8320;6.195,00;6.196,00;254;R$ 5,38;1.366,52
APA3765;OLEO DIESEL S10;19/11/2021;TR-7858;TRATOR JOHN DEERE 8320;6.196,00;6.197,00;926;R$ 5,90;5.462,46
APA3639;OLEO DIESEL S10;09/11/2021;TR-8614;TRATOR MASSEY F 5709;1.601,00;1.602,00;117;R$ 5,38;629,46
APA3771;OLEO DIESEL S10;19/11/2021;TR-8614;TRATOR MASSEY F 5709;1.602,00;1.603,00;50;R$ 5,90;294,95
APA3621;OLEO DIESEL S10;08/11/2021;TR-9360;TRATOR NEW HOLLAND TL95;3.903,00;3.904,00;50;R$ 5,38;269
APA3762;OLEO DIESEL S10;19/11/2021;VC-0213;CAMINHAO AGRALE 9200;256.902,00;256.903,00;125;R$ 5,90;737,37
APA3642;OLEO DIESEL S10;09/11/2021;VC-2422;CAMINHAO MERCEDES B 1620;136.484,00;136.485,00;150;R$ 5,38;807
APA3767;OLEO DIESEL S10;19/11/2021;VC-2422;CAMINHAO MERCEDES B 1620;136.485,00;136.486,00;130;R$ 5,90;766,87
APA3637;OLEO DIESEL S10;09/11/2021;VC-2742;CAMINHAO MERCEDES B 1313;46.535,00;46.536,00;88;R$ 5,38;473,44
APA3002;OLEO DIESEL S10;18/09/2021;VC-5077;CAMINHAO VOLKSWAGEN 26280;0;0;155,4;R$ 4,92;764,56
APA3619;OLEO DIESEL S10;06/11/2021;VC-5077;CAMINHAO VOLKSWAGEN 26280;2;3;71;R$ 5,38;381,98
APA3636;OLEO DIESEL S10;17/11/2021;VC-8873;CAMINHAO MERCEDES B 2726;135.748,00;135.749,00;241;R$ 5,38;1.296,58
APA3770;OLEO DIESEL S10;19/11/2021;VC-8873;CAMINHAO MERCEDES B 2726;135.749,00;135.750,00;153;R$ 5,90;902,54
APA2804;OLEO DIESEL S10;27/08/2021;VU-1614;PICK-UP MITSUBISHI PAJERO SPORT;0;0;52,53;R$ 4,83;253,71
APA2308;OLEO DIESEL S10;01/07/2021;VU-7034;PICK-UP FORD RANGER;67.950,00;67.950,00;40,4;R$ 4,70;189,88
APA2540;OLEO DIESEL S10;04/07/2021;VU-7034;PICK-UP FORD RANGER;67.950,00;67.950,00;59,69;R$ 4,70;280,54
APA2337;OLEO DIESEL S10;06/07/2021;VU-7034;PICK-UP FORD RANGER;67.950,00;67.950,00;54,01;R$ 4,86;262,48
APA2342;OLEO DIESEL S10;08/07/2021;VU-7034;PICK-UP FORD RANGER;67.950,00;67.950,00;60,78;R$ 4,86;295,39
APA2414;OLEO DIESEL S10;10/07/2021;VU-7034;PICK-UP FORD RANGER;67.950,00;67.950,00;55,84;R$ 4,86;271,38
APA2452;OLEO DIESEL S10;13/07/2021;VU-7034;PICK-UP FORD RANGER;67.950,00;67.950,00;52,88;R$ 4,86;256,99
APA2465;OLEO DIESEL S10;14/07/2021;VU-7034;PICK-UP FORD RANGER;67.950,00;67.950,00;54,65;R$ 4,86;265,59
APA2471;OLEO DIESEL S10;18/07/2021;VU-7034;PICK-UP FORD RANGER;67.950,00;67.950,00;71,2;R$ 4,86;346,03
APA2470;OLEO DIESEL S10;20/07/2021;VU-7034;PICK-UP FORD RANGER;67.950,00;67.950,00;44,39;R$ 4,86;215,73
APA2489;OLEO DIESEL S10;23/07/2021;VU-7034;PICK-UP FORD RANGER;67.950,00;67.950,00;57,72;R$ 4,86;280,51
APA2526;OLEO DIESEL S10;25/07/2021;VU-7034;PICK-UP FORD RANGER;67.950,00;67.950,00;58,57;R$ 4,86;284,65
APA2532;OLEO DIESEL S10;27/07/2021;VU-7034;PICK-UP FORD RANGER;67.950,00;67.950,00;51,37;R$ 4,86;249,65
APA2537;OLEO DIESEL S10;29/07/2021;VU-7034;PICK-UP FORD RANGER;67.950,00;67.950,00;49,22;R$ 4,86;239,2
APA2574;OLEO DIESEL S10;31/07/2021;VU-7034;PICK-UP FORD RANGER;67.950,00;67.950,00;39,46;R$ 4,86;191,77
APA2579;OLEO DIESEL S10;04/08/2021;VU-7034;PICK-UP FORD RANGER;67.950,00;67.950,00;65,6;R$ 4,86;318,81
APA2627;OLEO DIESEL S10;06/08/2021;VU-7034;PICK-UP FORD RANGER;67.950,00;67.950,00;54,92;R$ 4,86;266,91
APA2654;OLEO DIESEL S10;07/08/2021;VU-7034;PICK-UP FORD RANGER;67.950,00;67.950,00;48,5;R$ 4,86;235,71
APA2625;OLEO DIESEL S10;10/08/2021;VU-7034;PICK-UP FORD RANGER;67.950,00;67.950,00;68,53;R$ 4,86;333,05
APA2684;OLEO DIESEL S10;11/08/2021;VU-7034;PICK-UP FORD RANGER;67.950,00;67.950,00;24,9;R$ 4,86;121,01
APA2831;OLEO DIESEL S10;13/08/2021;VU-7034;PICK-UP FORD RANGER;67.950,00;67.950,00;60,93;R$ 4,86;296,11
APA2739;OLEO DIESEL S10;17/08/2021;VU-7034;PICK-UP FORD RANGER;67.950,00;67.950,00;65,12;R$ 4,86;316,48
APA2740;OLEO DIESEL S10;19/08/2021;VU-7034;PICK-UP FORD RANGER;67.950,00;67.950,00;46,18;R$ 4,83;223,04
APA2755;OLEO DIESEL S10;21/08/2021;VU-7034;PICK-UP FORD RANGER;67.950,00;67.950,00;48,99;R$ 4,83;236,62
APA2760;OLEO DIESEL S10;23/08/2021;VU-7034;PICK-UP FORD RANGER;67.950,00;67.950,00;53,83;R$ 4,83;259,99
APA2810;OLEO DIESEL S10;28/08/2021;VU-7034;PICK-UP FORD RANGER;67.950,00;67.950,00;60,73;R$ 4,83;293,32
APA2927;OLEO DIESEL S10;31/08/2021;VU-7034;PICK-UP FORD RANGER;67.950,00;67.950,00;51,14;R$ 4,83;247
APA2863;OLEO DIESEL S10;02/09/2021;VU-7034;PICK-UP FORD RANGER;67.950,00;67.950,00;43,38;R$ 4,83;209,52
APA2862;OLEO DIESEL S10;03/09/2021;VU-7034;PICK-UP FORD RANGER;67.950,00;67.950,00;51,92;R$ 4,95;257
APA2861;OLEO DIESEL S10;04/09/2021;VU-7034;PICK-UP FORD RANGER;67.950,00;67.950,00;36,97;R$ 4,95;183
APA2870;OLEO DIESEL S10;07/09/2021;VU-7034;PICK-UP FORD RANGER;67.950,00;67.950,00;53,84;R$ 4,95;266,5
APA2911;OLEO DIESEL S10;09/09/2021;VU-7034;PICK-UP FORD RANGER;67.950,00;67.950,00;57,38;R$ 4,95;284,03
APA2923;OLEO DIESEL S10;12/09/2021;VU-7034;PICK-UP FORD RANGER;67.950,00;67.950,00;63,92;R$ 4,95;316,4
APA2922;OLEO DIESEL S10;13/09/2021;VU-7034;PICK-UP FORD RANGER;67.950,00;67.950,00;37,29;R$ 4,95;184,58
APA2951;OLEO DIESEL S10;15/09/2021;VU-7034;PICK-UP FORD RANGER;67.950,00;67.950,00;59,49;R$ 4,92;292,69
APA2954;OLEO DIESEL S10;16/09/2021;VU-7034;PICK-UP FORD RANGER;67.950,00;67.950,00;35,07;R$ 4,92;172,54
APA3231;OLEO DIESEL S10;22/09/2021;VU-7034;PICK-UP FORD RANGER;67.950,00;67.950,00;68,5;R$ 4,92;337,02
APA3044;OLEO DIESEL S10;24/09/2021;VU-7034;PICK-UP FORD RANGER;67.950,00;67.950,00;27,6;R$ 4,92;135,79
APA3156;OLEO DIESEL S10;29/09/2021;VU-7034;PICK-UP FORD RANGER;67.950,00;67.950,00;64,84;R$ 4,92;319,01
APA3255;OLEO DIESEL S10;30/09/2021;VU-7034;PICK-UP FORD RANGER;67.950,00;67.950,00;43,09;R$ 5,22;224,92
APA3214;OLEO DIESEL S10;05/10/2021;VU-7034;PICK-UP FORD RANGER;67.950,00;67.950,00;51,19;R$ 5,22;267,21
APA3225;OLEO DIESEL S10;06/10/2021;VU-7034;PICK-UP FORD RANGER;67.950,00;67.950,00;60,15;R$ 5,22;313,98
APA3272;OLEO DIESEL S10;07/10/2021;VU-7034;PICK-UP FORD RANGER;67.950,00;67.950,00;69,35;R$ 5,22;362
APA3287;OLEO DIESEL S10;11/10/2021;VU-7034;PICK-UP FORD RANGER;67.950,00;67.950,00;74,39;R$ 5,22;388,31
APA3299;OLEO DIESEL S10;14/10/2021;VU-7034;PICK-UP FORD RANGER;67.950,00;67.950,00;67,01;R$ 5,20;348,45
APA3304;OLEO DIESEL S10;15/10/2021;VU-7034;PICK-UP FORD RANGER;67.950,00;67.950,00;49,23;R$ 5,20;255,99
APA3437;OLEO DIESEL S10;18/10/2021;VU-7034;PICK-UP FORD RANGER;67.950,00;67.950,00;43,13;R$ 5,20;224,27
APA3317;OLEO DIESEL S10;18/10/2021;VU-7034;PICK-UP FORD RANGER;67.950,00;67.950,00;38,1;R$ 5,20;198,12
APA3625;OLEO DIESEL S10;17/11/2021;VU-7034;PICK-UP FORD RANGER;67.952,00;67.953,00;377;R$ 5,38;2.028,26
APA3758;OLEO DIESEL S10;19/11/2021;VU-7034;PICK-UP FORD RANGER;67.953,00;67.954,00;257;R$ 5,90;1.516,04
